{"assets":{"path":"assets/miami","sources":[{"omvpoi":{"mappingFile":"masterlist/poi_table_here.json"}},{"omvicon":{"mappingFile":"masterlist/icon_masterlist.json"}}]},"bucketPriorities":[{"category":"begin","group":"shadow-depth-mask"},{"category":"offscreen-depth","group":"tilezen_volumes"},{"category":"end","group":"shadow-depth-mask"},{"category":"begin","group":"offscreen-terrain"},{"category":"offscreen-depth","group":"background"},{"category":"offscreen-depth","group":"northpole"},{"category":"offscreen-depth","group":"southpole"},{"category":"end","group":"offscreen-terrain"},{"group":"background"},{"group":"spacebackground"},{"group":"geohalo"},{"group":"northpole"},{"group":"southpole"},{"group":"tilezen_polygons"},{"category":"urban_area","group":"tilezen_polygons"},{"category":"forest","group":"tilezen_polygons"},{"category":"glacier","group":"tilezen_polygons"},{"category":"desert","description":"Not compiled in OMV Map yet","group":"tilezen_polygons"},{"category":"reservation","group":"tilezen_polygons"},{"category":"national_park","group":"tilezen_polygons"},{"category":"military","group":"tilezen_polygons"},{"category":"urban","group":"tilezen_polygons"},{"category":"block","group":"tilezen_polygons"},{"category":"landuse","group":"tilezen_polygons"},{"category":"flood_prone_area","group":"tilezen_polygons"},{"category":"industrial","group":"tilezen_polygons"},{"category":"school","group":"tilezen_polygons"},{"category":"university","group":"tilezen_polygons"},{"category":"grassland","group":"tilezen_polygons"},{"category":"wetland","group":"tilezen_polygons"},{"category":"park","group":"tilezen_polygons"},{"category":"allotments","group":"tilezen_polygons"},{"category":"beach","group":"tilezen_polygons"},{"category":"airfield","group":"tilezen_polygons"},{"category":"runway","group":"tilezen_polygons"},{"category":"railway","group":"tilezen_polygons"},{"category":"harbour","group":"tilezen_polygons"},{"category":"worship_place","group":"tilezen_polygons"},{"category":"commercial","group":"tilezen_polygons"},{"category":"zoo","group":"tilezen_polygons"},{"category":"theme_park","group":"tilezen_polygons"},{"category":"hospital","group":"tilezen_polygons"},{"category":"golf_course","group":"tilezen_polygons"},{"category":"sports_centre","group":"tilezen_polygons"},{"category":"cemetery","group":"tilezen_polygons"},{"category":"grass","group":"tilezen_polygons"},{"category":"paved_area","group":"tilezen_polygons"},{"category":"pedestrian","group":"tilezen_polygons"},{"category":"parking","group":"tilezen_polygons"},{"category":"footprints","group":"tilezen_building_footprints"},{"category":"footprints_outlines","group":"tilezen_building_footprints_outlines"},{"category":"water","group":"tilezen_polygons"},{"category":"breakwater","group":"tilezen_polygons"},{"category":"water_park","group":"tilezen_polygons"},{"category":"sand","group":"tilezen_polygons"},{"category":"steps","group":"tilezen_polygons"},{"group":"tilezen_lines"},{"category":"water-line","group":"tilezen_lines"},{"category":"low_emission_zone","group":"tilezen_polygons"},{"category":"restricted_road","group":"tilezen_polygons"},{"category":"tunnel-outline-walkway","group":"tilezen_lines"},{"category":"tunnel-outline-pedestrian","group":"tilezen_lines"},{"category":"tunnel-outline-4","group":"tilezen_lines"},{"category":"tunnel-outline-3","group":"tilezen_lines"},{"category":"tunnel-outline-2","group":"tilezen_lines"},{"category":"tunnel-outline-1","group":"tilezen_lines"},{"category":"tunnel-outline-0","group":"tilezen_lines"},{"category":"tunnel-pedestrian","group":"tilezen_lines"},{"category":"tunnel-walkway","group":"tilezen_lines"},{"category":"tunnel-4","group":"tilezen_lines"},{"category":"tunnel-3","group":"tilezen_lines"},{"category":"tunnel-2","group":"tilezen_lines"},{"category":"tunnel-1","group":"tilezen_lines"},{"category":"tunnel-0","group":"tilezen_lines"},{"category":"tunnel-0-center","group":"tilezen_lines"},{"category":"ferry","group":"tilezen_lines"},{"category":"walkway-outline","group":"tilezen_lines"},{"category":"pedestrian-outline","group":"tilezen_lines"},{"category":"road-outline-4","group":"tilezen_lines"},{"category":"road-outline-3","group":"tilezen_lines"},{"category":"road-outline-2","group":"tilezen_lines"},{"category":"road-outline-1","group":"tilezen_lines"},{"category":"road-outline-0","group":"tilezen_lines"},{"category":"walkway","group":"tilezen_lines"},{"category":"pedestrian","group":"tilezen_lines"},{"category":"road-4","group":"tilezen_lines"},{"category":"road-3","group":"tilezen_lines"},{"category":"other_road","group":"tilezen_polygons"},{"category":"road-2","group":"tilezen_lines"},{"category":"major_road","group":"tilezen_polygons"},{"category":"road-1","group":"tilezen_lines"},{"category":"national_road","group":"tilezen_polygons"},{"category":"road-0","group":"tilezen_lines"},{"category":"road-0-center","group":"tilezen_lines"},{"category":"expressway","group":"tilezen_polygons"},{"category":"divider","group":"tilezen_polygons"},{"category":"subway-rail","group":"tilezen_lines"},{"category":"tram-rail","group":"tilezen_lines"},{"category":"rail-outline","group":"tilezen_lines"},{"category":"rail","group":"tilezen_lines"},{"category":"speed-rail-outline","group":"tilezen_lines"},{"category":"speed_rail","group":"tilezen_lines"},{"category":"bridge-outline-walkway-extra","group":"tilezen_lines"},{"category":"bridge-outline-walkway","group":"tilezen_lines"},{"category":"bridge-outline-pedestrian-extra","group":"tilezen_lines"},{"category":"bridge-outline-pedestrian","group":"tilezen_lines"},{"category":"bridge-outline-4-extra","group":"tilezen_lines"},{"category":"bridge-outline-4","group":"tilezen_lines"},{"category":"bridge-outline-3-extra","group":"tilezen_lines"},{"category":"bridge-outline-3","group":"tilezen_lines"},{"category":"bridge-outline-2-extra","group":"tilezen_lines"},{"category":"bridge-outline-2","group":"tilezen_lines"},{"category":"bridge-outline-1-extra","group":"tilezen_lines"},{"category":"bridge-outline-1","group":"tilezen_lines"},{"category":"bridge-outline-0-extra","group":"tilezen_lines"},{"category":"bridge-outline-0","group":"tilezen_lines"},{"category":"bridge-walkway","group":"tilezen_lines"},{"category":"bridge-pedestrian","group":"tilezen_lines"},{"category":"bridge-4","group":"tilezen_lines"},{"category":"bridge-3","group":"tilezen_lines"},{"category":"bridge-2","group":"tilezen_lines"},{"category":"bridge-1","group":"tilezen_lines"},{"category":"bridge-0","group":"tilezen_lines"},{"category":"bridge-0-center","group":"tilezen_lines"},{"category":"train_station_footprints","group":"tilezen_building_footprints"},{"category":"train_station_footprints_outlines","group":"tilezen_building_footprints_outlines"},{"category":"toll_booth_footprints","group":"tilezen_building_footprints"},{"category":"toll_booth_footprints_outlines","group":"tilezen_building_footprints_outlines"},{"category":"cable_car","group":"tilezen_lines"},{"category":"traffic_incidents_line_outline","group":"traffic_incidents"},{"category":"traffic-outline","group":"traffic_flow"},{"category":"traffic_incidents_line","group":"traffic_incidents"},{"category":"traffic","group":"traffic_flow"},{"category":"traffic-normal","group":"traffic_flow"},{"category":"traffic-high","group":"traffic_flow"},{"category":"traffic-very-high","group":"traffic_flow"},{"category":"traffic-blocking","group":"traffic_flow"},{"category":"state-border-outline","group":"tilezen_lines"},{"category":"country-border-outline","group":"tilezen_lines"},{"category":"state-border","group":"tilezen_lines"},{"category":"country-border","group":"tilezen_lines"},{"category":"route-traveled-outline","group":"route"},{"category":"route-outline","group":"route"},{"category":"route-upcoming-outline","group":"route"},{"category":"route-traveled","group":"route"},{"category":"route","group":"route"},{"category":"route-upcoming","group":"route"},{"category":"traffic-on-route-outline","group":"traffic_on_route"},{"category":"traffic-on-route","group":"traffic_on_route"},{"category":"traffic-on-route-normal","group":"traffic_on_route"},{"category":"traffic-on-route-high","group":"traffic_on_route"},{"category":"traffic-on-route-very-high","group":"traffic_on_route"},{"category":"traffic-on-route-blocking","group":"traffic_on_route"},{"category":"underground_area","group":"tilezen_polygons"},{"category":"labels","group":"tilezen_lines"},{"group":"depthsky"},{"category":"depth","group":"tilezen_volumes"},{"category":"extruded_building","group":"tilezen_volumes"},{"group":"geofog"},{"group":"labels"}],"extends":["omv-traffic-traffic-normal-night.jss"],"labelDrawPriorities":["custom-labels","continent-labels","country-labels","state-labels","city-center-country-capital-class1","city-center-country-capital-class2","city-center-country-capital-class3","city-center-country-capital-class4","city-center-country-capital-class5","city-center-state-capital-class1","city-center-state-capital-class2","city-center-state-capital-class3","city-center-state-capital-class4","city-center-state-capital-class5","city-center-class1","city-center-class2","city-center-class3","city-center-class4","city-center-class5","city-center-neighbourhood","city-center-microhood","city-center-hamlet","traffic-icon-road_closure","traffic-icon-accident","traffic-icon-disabled_vehicle","traffic-icon-road_hazard","traffic-icon-construction","traffic-icon-congestion","traffic-icon-planned_event","traffic-icon-mass_transit","traffic-icon-weather","traffic-icon-other","poi-labels","ocean-labels","road0-labels","road1-labels","road2-labels","road3-labels","road4-labels","speed-rail-labels","rail-labels","subway-rail-labels","tram-rail-labels","walkway-labels","pedestrian-labels","ferry-labels","buildings-info-labels","buildings-address-labels","landuse-labels","island-labels","water-labels","places-labels"],"labelReservePrioritiesAndOverlapRules":[{"custom-labels":["custom-labels"]},{"continent-labels":[]},{"country-labels":[]},{"state-labels":[]},{"city-center-country-capital-class1":[]},{"city-center-country-capital-class2":[]},{"city-center-country-capital-class3":[]},{"city-center-country-capital-class4":[]},{"city-center-country-capital-class5":[]},{"city-center-state-capital-class1":[]},{"city-center-state-capital-class2":[]},{"city-center-state-capital-class3":[]},{"city-center-state-capital-class4":[]},{"city-center-state-capital-class5":[]},{"city-center-class1":[]},{"city-center-class2":[]},{"city-center-class3":[]},{"city-center-class4":[]},{"city-center-class5":[]},{"city-center-neighbourhood":[]},{"city-center-microhood":[]},{"city-center-hamlet":[]},{"traffic-icon-road_closure":[]},{"traffic-icon-accident":[]},{"traffic-icon-disabled_vehicle":[]},{"traffic-icon-road_hazard":[]},{"traffic-icon-construction":[]},{"traffic-icon-congestion":[]},{"traffic-icon-planned_event":[]},{"traffic-icon-mass_transit":[]},{"traffic-icon-weather":[]},{"traffic-icon-other":[]},{"poi-labels":[]},{"ocean-labels":[]},{"road0-labels":[]},{"road1-labels":[]},{"road2-labels":[]},{"road3-labels":[]},{"road4-labels":[]},{"walkway-labels":[]},{"pedestrian-labels":[]},{"speed-rail-labels":[]},{"rail-labels":[]},{"subway-rail-labels":[]},{"tram-rail-labels":[]},{"ferry-labels":[]},{"buildings-info-labels":[]},{"buildings-address-labels":[]},{"landuse-labels":[]},{"island-labels":[]},{"water-labels":[]},{"places-labels":[]}],"layerProperties":"omv-traffic-traffic-normal-night-layer.properties.json","objects":{"background":{},"depthsky":{},"geofog":{},"geohalo":{},"incident_icons":{"factory":"tilezen_traffic_incident.point"},"labels":{},"northpole":{},"offscreen-terrain":{"factory":"offscreen-terrain-factory"},"offscreen-transparent-lines":{"factory":"offscreen-transparent-lines-factory"},"outdoor":{},"route":{"factory":"geojson.polylines"},"shadow-depth-mask":{"factory":"shadow-depth-mask-factory"},"southpole":{},"spacebackground":{},"tilezen_building_addresses":{"factory":"tilezen.building_address"},"tilezen_building_footprints":{"factory":"tilezen.building_footprint"},"tilezen_building_footprints_outlines":{"factory":"tilezen.building_footprint_outline"},"tilezen_lines":{"factory":"tilezen.line"},"tilezen_points":{"factory":"tilezen.point"},"tilezen_polygons":{"factory":"tilezen.area"},"tilezen_volumes":{"factory":"tilezen.volume"},"traffic_flow":{"factory":"tilezen_traffic_flow.line"},"traffic_incidents":{"factory":"tilezen_traffic_incident.line"},"traffic_on_route":{"factory":"geojson.polylines"},"transparent-lines-quad":{"factory":"transparent-lines-quad-factory"}},"visibilityRanges":"omv-traffic-traffic-normal-night-MapOmvVisibilityRanges.json"}